{"stats":{"minecraft:mined":{"thorican:thorican_ore":3,"thorican:block_of_thorican":3,"thorican:deepslate_thorican_ore":1},"minecraft:dropped":{"thorican:block_of_thorican":1},"minecraft:custom":{"minecraft:time_since_rest":23766,"minecraft:sprint_one_cm":1080,"minecraft:interact_with_furnace":3,"minecraft:play_time":23766,"minecraft:walk_one_cm":10164,"minecraft:sneak_time":79,"minecraft:drop":1,"minecraft:jump":26,"minecraft:interact_with_blast_furnace":3,"minecraft:leave_game":2,"minecraft:time_since_death":23766,"minecraft:total_world_time":95489,"minecraft:interact_with_crafting_table":2,"minecraft:fly_one_cm":24839},"minecraft:picked_up":{"thorican:raw_thorican":14,"thorican:block_of_thorican":4},"minecraft:crafted":{"thorican:block_of_thorican":1,"thorican:thorican_ingot":3,"minecraft:air":0},"minecraft:used":{"thorican:deepslate_thorican_ore":5,"minecraft:glow_item_frame":2,"minecraft:diamond_pickaxe":7,"minecraft:crafting_table":2,"minecraft:furnace":1,"minecraft:grass_block":1,"minecraft:blast_furnace":1,"minecraft:iron_pickaxe":2,"thorican:thorican_ore":5,"thorican:block_of_thorican":85}},"DataVersion":3105}